Label,# Samples,Average,Min,Max,Std. Dev.,Error %,Throughput,Received KB/sec,Sent KB/sec,Avg. Bytes
Request,17439103,11,0,60053,571.04,48.647%,3565.69685,6448.91,234.25,1852.0
TOTAL,17439103,11,0,60053,571.04,48.647%,3565.69685,6448.91,234.25,1852.0
